{
  "model_path": "C:\\aethercore_v3\\models\\gpt2",
  "target_params": 400000000000.0,
  "original_params": 163037184,
  "original_fp16_gb_at_target_params": 745.0580596923828,
  "original_perplexity": 32.61540985107422,
  "elapsed_sec": 93.68670469999779,
  "targets": [
    {
      "label": "int8 (2x)",
      "method": "int8",
      "realized_ratio": 1.9979091320072333,
      "bits_per_weight": 8.008372224579267,
      "size_gb_at_target_params": 372.9188919337125,
      "perplexity": 32.48517990112305,
      "perplexity_ratio_vs_original": 0.9960071036805664,
      "top1_agreement": 0.961240291595459,
      "logit_cosine": 1.0000489950180054,
      "weight_relative_l2_error": 0.010507523658434827,
      "intelligence_retained_pct": 97.28829026222228,
      "generation_sample": "The most important idea in science is that the universe is a collection of particles. The universe is a collection of particles. The universe is a collection of particles.\n\nThe universe is"
    },
    {
      "label": "int4 (4x)",
      "method": "int4",
      "realized_ratio": 3.9916452623556973,
      "bits_per_weight": 4.008372224579268,
      "size_gb_at_target_params": 186.65437701061683,
      "perplexity": 54.9429931640625,
      "perplexity_ratio_vs_original": 1.684571600201826,
      "top1_agreement": 0.6124030947685242,
      "logit_cosine": 0.9913314580917358,
      "weight_relative_l2_error": 0.18120867492530132,
      "intelligence_retained_pct": 72.60816037654875,
      "generation_sample": "The most important idea in science is that it is not just about the data, it is about the data that is used to make that data.\n\nI think that is the most"
    },
    {
      "label": "ternary 1.58b",
      "method": "ternary",
      "realized_ratio": 7.966650705574176,
      "bits_per_weight": 2.0083722245792672,
      "size_gb_at_target_params": 93.52211954906896,
      "perplexity": 16091.39453125,
      "perplexity_ratio_vs_original": 493.3678468161275,
      "top1_agreement": 0.0,
      "logit_cosine": 0.9617807865142822,
      "weight_relative_l2_error": 0.43881069069153245,
      "intelligence_retained_pct": 28.853423595428467,
      "generation_sample": "The most important idea in science is first first first first first first first first first first first first first first first first first first first first first first first first first first first first first first"
    },
    {
      "label": "int2 (8x)",
      "method": "int2",
      "realized_ratio": 7.966650705574176,
      "bits_per_weight": 2.0083722245792672,
      "size_gb_at_target_params": 93.52211954906896,
      "perplexity": 21707.634765625,
      "perplexity_ratio_vs_original": 665.5637585038668,
      "top1_agreement": 0.03875968977808952,
      "logit_cosine": 0.9261720776557922,
      "weight_relative_l2_error": 0.9188947217618983,
      "intelligence_retained_pct": 30.498340614140034,
      "generation_sample": "The most important idea in science is,,,,,,,,,,,,,,,,,,,,,,,,,,,,,,"
    },
    {
      "label": "binary 1b",
      "method": "binary",
      "realized_ratio": 15.867156601497854,
      "bits_per_weight": 1.0083722245792675,
      "size_gb_at_target_params": 46.95599081829504,
      "perplexity": 68761.625,
      "perplexity_ratio_vs_original": 2108.2557390501493,
      "top1_agreement": 0.0,
      "logit_cosine": 0.9594829082489014,
      "weight_relative_l2_error": 0.5906327631452043,
      "intelligence_retained_pct": 28.784487247467037,
      "generation_sample": "The most important idea in science is quality quality quality quality quality quality quality quality quality quality quality quality quality quality quality quality quality quality quality quality quality quality quality quality quality quality quality quality quality quality"
    },
    {
      "label": "low-rank 50x",
      "method": "lowrank",
      "realized_ratio": 50.23322415067392,
      "bits_per_weight": 0.3185142954791873,
      "size_gb_at_target_params": 14.8319776858756,
      "perplexity": 8913.580078125,
      "perplexity_ratio_vs_original": 273.2935173534673,
      "top1_agreement": 0.09302325546741486,
      "logit_cosine": 0.9197973608970642,
      "weight_relative_l2_error": 0.8773633165422745,
      "intelligence_retained_pct": 34.105548709630966,
      "generation_sample": "The most important idea in science is the the the the the the the the the the the the the the the the the the the the the the the the the the the the the the"
    },
    {
      "label": "low-rank 100x",
      "method": "lowrank",
      "realized_ratio": 97.45379021895958,
      "bits_per_weight": 0.1641803768129606,
      "size_gb_at_target_params": 7.645244561739294,
      "perplexity": 6593.02099609375,
      "perplexity_ratio_vs_original": 202.14435526636814,
      "top1_agreement": 0.09302325546741486,
      "logit_cosine": 0.9492969512939453,
      "weight_relative_l2_error": 0.8943649804000819,
      "intelligence_retained_pct": 34.9905364215374,
      "generation_sample": "The most important idea in science is the the the the the the the the the the the the the the the the the the the the the the the the the the the the the the"
    },
    {
      "label": "low-rank 200x",
      "method": "lowrank",
      "realized_ratio": 194.90758043791917,
      "bits_per_weight": 0.0820901884064803,
      "size_gb_at_target_params": 3.822622280869647,
      "perplexity": 3430.718017578125,
      "perplexity_ratio_vs_original": 105.18702764255256,
      "top1_agreement": 0.09302325546741486,
      "logit_cosine": 0.9505338072776794,
      "weight_relative_l2_error": 0.906109163804305,
      "intelligence_retained_pct": 35.02764210104942,
      "generation_sample": "The most important idea in science is the the the the the the the the the the the the the the the the the the the the the the the the the the the the the the"
    },
    {
      "label": "low-rank 400x",
      "method": "lowrank",
      "realized_ratio": 365.62236161450676,
      "bits_per_weight": 0.043760999544304596,
      "size_gb_at_target_params": 2.037780338167427,
      "perplexity": 44092.4609375,
      "perplexity_ratio_vs_original": 1351.8904450022656,
      "top1_agreement": 0.09302325546741486,
      "logit_cosine": 0.9529721736907959,
      "weight_relative_l2_error": 0.913827414923736,
      "intelligence_retained_pct": 35.10079309344292,
      "generation_sample": "The most important idea in science is the the the the the the the the the the the the the the the the the the the the the the the the the the the the the the"
    }
  ]
}